,group,variable,value
0,Turkey,Turkey,0
1,Turkey,Japan,0.976982097
2,Turkey,Thailand,0.969072165
3,Turkey,Philippines,0.963636364
4,Turkey,Indonesia,0.950131234
5,Turkey,Viet Nam,0.944591029
6,Turkey,Malaysia,0.950131234
7,Turkey,Singapore,0.950131234
8,Turkey,Hong Kong,0.950131234
9,Turkey,Taiwan,0.96373057
10,Turkey,India,0.950131234
11,Turkey,Israel,0.938992042
12,Turkey,France,0.966408269
13,Turkey,Italy,0.971722365
14,Turkey,Sweden,0.958333333
15,Turkey,Finland,0.950131234
16,Turkey,Poland,0.944591029
17,Turkey,Denmark,0.955613577
18,Turkey,Netherlands,0.950131234
19,Turkey,Iceland,0.950131234
20,Turkey,Norway,0.938992042
21,Turkey,Portugal,0.936170213
22,Turkey,Greece,0.936170213
23,Turkey,Czech Republic,0.938992042
24,Turkey,Slovakia,0.933333333
25,Turkey,Hungary,0.933333333
26,Turkey,Bulgaria,0.930294906
27,Turkey,Cyprus,0.933333333
28,Turkey,Romania,0.921832884
29,Turkey,Estonia,0.936170213
30,Turkey,Lithuania,0.936170213
31,Turkey,Malta,0.941798942
32,Turkey,Ireland,0.941798942
33,Turkey,United Kingdom,0.938992042
34,Turkey,Latvia,0.941798942
35,Turkey,Belgium,0.930481283
36,Turkey,Luxembourg,0.930481283
37,Turkey,Switzerland,0.936170213
38,Turkey,Austria,0.936170213
39,Turkey,Germany,0.941798942
40,Turkey,Spain,0.96373057
41,Turkey,Brazil,0.966408269
42,Turkey,Guatamala,0.969072165
43,Turkey,Peru,0.979591837
44,Turkey,Ecuador,0.976982097
45,Turkey,Bolivia,0.966408269
46,Turkey,Colombia,0.979591837
47,Turkey,Paraguay,0.974358974
48,Turkey,Chile,0.979591837
49,Turkey,Uruguay,0.971722365
50,Turkey,Argentina,0.969072165
51,Turkey,Dominican Republic,0.974358974
52,Turkey,Costa Rica,0.958333333
53,Turkey,Nicaragua,0.971722365
54,Turkey,Honduras,0.958333333
55,Turkey,El Savador,0.958333333
56,Turkey,Panama,0.969072165
57,Turkey,Mexico,0.96373057
58,Turkey,United States,0.947368421
59,Turkey,Canada,0.944591029
60,Turkey,Australia,0.936170213
61,Turkey,New Zealand,0.941798942
62,Turkey,South Africa,0.938992042
63,Japan,Japan,0
64,Japan,Thailand,0.904109589
65,Japan,Philippines,0.897790055
66,Japan,Indonesia,0.885793872
67,Japan,Viet Nam,0.876404494
68,Japan,Malaysia,0.876404494
69,Japan,Singapore,0.866855524
70,Japan,Hong Kong,0.870056497
71,Japan,Taiwan,0.870056497
72,Japan,India,0.895027624
73,Japan,Israel,0.907103825
74,Japan,France,0.955613577
75,Japan,Italy,0.952879581
76,Japan,Sweden,0.936170213
77,Japan,Finland,0.930481283
78,Japan,Poland,0.930481283
79,Japan,Denmark,0.930481283
80,Japan,Netherlands,0.921832884
81,Japan,Iceland,0.927613941
82,Japan,Norway,0.921832884
83,Japan,Portugal,0.91598916
84,Japan,Greece,0.921832884
85,Japan,Czech Republic,0.910081744
86,Japan,Slovakia,0.907103825
87,Japan,Hungary,0.910081744
88,Japan,Bulgaria,0.909836066
89,Japan,Cyprus,0.910081744
90,Japan,Romania,0.901098901
91,Japan,Estonia,0.91598916
92,Japan,Lithuania,0.913043478
93,Japan,Malta,0.901098901
94,Japan,Ireland,0.91598916
95,Japan,United Kingdom,0.918918919
96,Japan,Latvia,0.924731183
97,Japan,Belgium,0.910081744
98,Japan,Luxembourg,0.913043478
99,Japan,Switzerland,0.921832884
100,Japan,Austria,0.924731183
101,Japan,Germany,0.930481283
102,Japan,Spain,0.96373057
103,Japan,Brazil,0.958333333
104,Japan,Guatamala,0.961038961
105,Japan,Peru,0.969072165
106,Japan,Ecuador,0.966408269
107,Japan,Bolivia,0.961038961
108,Japan,Colombia,0.96373057
109,Japan,Paraguay,0.969072165
110,Japan,Chile,0.979591837
111,Japan,Uruguay,0.969072165
112,Japan,Argentina,0.961038961
113,Japan,Dominican Republic,0.958333333
114,Japan,Costa Rica,0.952879581
115,Japan,Nicaragua,0.947368421
116,Japan,Honduras,0.952879581
117,Japan,El Savador,0.950131234
118,Japan,Panama,0.941798942
119,Japan,Mexico,0.96373057
120,Japan,United States,0.918918919
121,Japan,Canada,0.907103825
122,Japan,Australia,0.907103825
123,Japan,New Zealand,0.907103825
124,Japan,South Africa,0.898071625
125,Thailand,Thailand,0
126,Thailand,Philippines,0.798192771
127,Thailand,Indonesia,0.769230769
128,Thailand,Viet Nam,0.753894081
129,Thailand,Malaysia,0.738170347
130,Thailand,Singapore,0.75
131,Thailand,Hong Kong,0.805970149
132,Thailand,Taiwan,0.84057971
133,Thailand,India,0.863636364
134,Thailand,Israel,0.879551821
135,Thailand,France,0.958333333
136,Thailand,Italy,0.950131234
137,Thailand,Sweden,0.924731183
138,Thailand,Finland,0.927613941
139,Thailand,Poland,0.91598916
140,Thailand,Denmark,0.901098901
141,Thailand,Netherlands,0.907103825
142,Thailand,Iceland,0.898071625
143,Thailand,Norway,0.901098901
144,Thailand,Portugal,0.879551821
145,Thailand,Greece,0.885793872
146,Thailand,Czech Republic,0.879551821
147,Thailand,Slovakia,0.873239437
148,Thailand,Hungary,0.870056497
149,Thailand,Bulgaria,0.876056338
150,Thailand,Cyprus,0.870056497
151,Thailand,Romania,0.843930636
152,Thailand,Estonia,0.873239437
153,Thailand,Lithuania,0.863636364
154,Thailand,Malta,0.853868195
155,Thailand,Ireland,0.882681564
156,Thailand,United Kingdom,0.882681564
157,Thailand,Latvia,0.885793872
158,Thailand,Belgium,0.888888889
159,Thailand,Luxembourg,0.882681564
160,Thailand,Switzerland,0.904109589
161,Thailand,Austria,0.907103825
162,Thailand,Germany,0.918918919
163,Thailand,Spain,0.96373057
164,Thailand,Brazil,0.947368421
165,Thailand,Guatamala,0.961038961
166,Thailand,Peru,0.969072165
167,Thailand,Ecuador,0.96373057
168,Thailand,Bolivia,0.955613577
169,Thailand,Colombia,0.961038961
170,Thailand,Paraguay,0.971722365
171,Thailand,Chile,0.979591837
172,Thailand,Uruguay,0.966408269
173,Thailand,Argentina,0.952879581
174,Thailand,Dominican Republic,0.952879581
175,Thailand,Costa Rica,0.938992042
176,Thailand,Nicaragua,0.930481283
177,Thailand,Honduras,0.941798942
178,Thailand,El Savador,0.944591029
179,Thailand,Panama,0.936170213
180,Thailand,Mexico,0.961038961
181,Thailand,United States,0.876404494
182,Thailand,Canada,0.863636364
183,Thailand,Australia,0.86039886
184,Thailand,New Zealand,0.853868195
185,Thailand,South Africa,0.843930636
186,Philippines,Philippines,0
187,Philippines,Indonesia,0.757009346
188,Philippines,Viet Nam,0.753125
189,Philippines,Malaysia,0.67
190,Philippines,Singapore,0.683168317
191,Philippines,Hong Kong,0.764705882
192,Philippines,Taiwan,0.794561934
193,Philippines,India,0.840116279
194,Philippines,Israel,0.856733524
195,Philippines,France,0.952755906
196,Philippines,Italy,0.944444444
197,Philippines,Sweden,0.909836066
198,Philippines,Finland,0.91280654
199,Philippines,Poland,0.900826446
200,Philippines,Denmark,0.891666667
201,Philippines,Netherlands,0.888579387
202,Philippines,Iceland,0.888579387
203,Philippines,Norway,0.879213483
204,Philippines,Portugal,0.86
205,Philippines,Greece,0.869688385
206,Philippines,Czech Republic,0.846820809
207,Philippines,Slovakia,0.833333333
208,Philippines,Hungary,0.840116279
209,Philippines,Bulgaria,0.859598854
210,Philippines,Cyprus,0.833333333
211,Philippines,Romania,0.8125
212,Philippines,Estonia,0.850144092
213,Philippines,Lithuania,0.840116279
214,Philippines,Malta,0.805389222
215,Philippines,Ireland,0.846820809
216,Philippines,United Kingdom,0.866477273
217,Philippines,Latvia,0.863247863
218,Philippines,Belgium,0.869688385
219,Philippines,Luxembourg,0.853448276
220,Philippines,Switzerland,0.888579387
221,Philippines,Austria,0.894736842
222,Philippines,Germany,0.909836066
223,Philippines,Spain,0.955497382
224,Philippines,Brazil,0.944444444
225,Philippines,Guatamala,0.955497382
226,Philippines,Peru,0.968992248
227,Philippines,Ecuador,0.9609375
228,Philippines,Bolivia,0.952755906
229,Philippines,Colombia,0.958224543
230,Philippines,Paraguay,0.966321244
231,Philippines,Chile,0.976923077
232,Philippines,Uruguay,0.963636364
233,Philippines,Argentina,0.952755906
234,Philippines,Dominican Republic,0.95
235,Philippines,Costa Rica,0.936
236,Philippines,Nicaragua,0.924528302
237,Philippines,Honduras,0.93315508
238,Philippines,El Savador,0.938829787
239,Philippines,Panama,0.93315508
240,Philippines,Mexico,0.955497382
241,Philippines,United States,0.846820809
242,Philippines,Canada,0.816023739
243,Philippines,Australia,0.794561934
244,Philippines,New Zealand,0.808955224
245,Philippines,South Africa,0.783536585
246,Indonesia,Indonesia,0
247,Indonesia,Viet Nam,0.679867987
248,Indonesia,Malaysia,0.625429553
249,Indonesia,Singapore,0.634812287
250,Indonesia,Hong Kong,0.738170347
251,Indonesia,Taiwan,0.795180723
252,Indonesia,India,0.80952381
253,Indonesia,Israel,0.84057971
254,Indonesia,France,0.944591029
255,Indonesia,Italy,0.941798942
256,Indonesia,Sweden,0.918918919
257,Indonesia,Finland,0.904109589
258,Indonesia,Poland,0.895027624
259,Indonesia,Denmark,0.888888889
260,Indonesia,Netherlands,0.885793872
261,Indonesia,Iceland,0.882681564
262,Indonesia,Norway,0.873239437
263,Indonesia,Portugal,0.843930636
264,Indonesia,Greece,0.870056497
265,Indonesia,Czech Republic,0.830409357
266,Indonesia,Slovakia,0.830409357
267,Indonesia,Hungary,0.826979472
268,Indonesia,Bulgaria,0.853448276
269,Indonesia,Cyprus,0.837209302
270,Indonesia,Romania,0.798798799
271,Indonesia,Estonia,0.850574713
272,Indonesia,Lithuania,0.84057971
273,Indonesia,Malta,0.805970149
274,Indonesia,Ireland,0.857142857
275,Indonesia,United Kingdom,0.863636364
276,Indonesia,Latvia,0.870056497
277,Indonesia,Belgium,0.857142857
278,Indonesia,Luxembourg,0.857142857
279,Indonesia,Switzerland,0.882681564
280,Indonesia,Austria,0.891966759
281,Indonesia,Germany,0.901098901
282,Indonesia,Spain,0.950131234
283,Indonesia,Brazil,0.938992042
284,Indonesia,Guatamala,0.947368421
285,Indonesia,Peru,0.96373057
286,Indonesia,Ecuador,0.955613577
287,Indonesia,Bolivia,0.938992042
288,Indonesia,Colombia,0.952879581
289,Indonesia,Paraguay,0.961038961
290,Indonesia,Chile,0.969072165
291,Indonesia,Uruguay,0.952879581
292,Indonesia,Argentina,0.936170213
293,Indonesia,Dominican Republic,0.947368421
294,Indonesia,Costa Rica,0.918918919
295,Indonesia,Nicaragua,0.910081744
296,Indonesia,Honduras,0.918918919
297,Indonesia,El Savador,0.913043478
298,Indonesia,Panama,0.924731183
299,Indonesia,Mexico,0.944591029
300,Indonesia,United States,0.86039886
301,Indonesia,Canada,0.830409357
302,Indonesia,Australia,0.816568047
303,Indonesia,New Zealand,0.820058997
304,Indonesia,South Africa,0.784194529
305,Viet Nam,Viet Nam,0
306,Viet Nam,Malaysia,0.606271777
307,Viet Nam,Singapore,0.586572438
308,Viet Nam,Hong Kong,0.709677419
309,Viet Nam,Taiwan,0.765432099
310,Viet Nam,India,0.780487805
311,Viet Nam,Israel,0.80952381
312,Viet Nam,France,0.941798942
313,Viet Nam,Italy,0.941798942
314,Viet Nam,Sweden,0.898071625
315,Viet Nam,Finland,0.885793872
316,Viet Nam,Poland,0.86039886
317,Viet Nam,Denmark,0.86039886
318,Viet Nam,Netherlands,0.866855524
319,Viet Nam,Iceland,0.86039886
320,Viet Nam,Norway,0.843930636
321,Viet Nam,Portugal,0.823529412
322,Viet Nam,Greece,0.837209302
323,Viet Nam,Czech Republic,0.787878788
324,Viet Nam,Slovakia,0.791540785
325,Viet Nam,Hungary,0.787878788
326,Viet Nam,Bulgaria,0.819526627
327,Viet Nam,Cyprus,0.798798799
328,Viet Nam,Romania,0.753894081
329,Viet Nam,Estonia,0.820058997
330,Viet Nam,Lithuania,0.805970149
331,Viet Nam,Malta,0.765432099
332,Viet Nam,Ireland,0.826979472
333,Viet Nam,United Kingdom,0.837209302
334,Viet Nam,Latvia,0.84057971
335,Viet Nam,Belgium,0.820058997
336,Viet Nam,Luxembourg,0.823529412
337,Viet Nam,Switzerland,0.863636364
338,Viet Nam,Austria,0.873239437
339,Viet Nam,Germany,0.888888889
340,Viet Nam,Spain,0.947368421
341,Viet Nam,Brazil,0.938992042
342,Viet Nam,Guatamala,0.947368421
343,Viet Nam,Peru,0.96373057
344,Viet Nam,Ecuador,0.955613577
345,Viet Nam,Bolivia,0.936170213
346,Viet Nam,Colombia,0.950131234
347,Viet Nam,Paraguay,0.961038961
348,Viet Nam,Chile,0.969072165
349,Viet Nam,Uruguay,0.952879581
350,Viet Nam,Argentina,0.936170213
351,Viet Nam,Dominican Republic,0.947368421
352,Viet Nam,Costa Rica,0.91598916
353,Viet Nam,Nicaragua,0.913043478
354,Viet Nam,Honduras,0.91598916
355,Viet Nam,El Savador,0.91598916
356,Viet Nam,Panama,0.921832884
357,Viet Nam,Mexico,0.944591029
358,Viet Nam,United States,0.833819242
359,Viet Nam,Canada,0.80239521
360,Viet Nam,Australia,0.780487805
361,Viet Nam,New Zealand,0.787878788
362,Viet Nam,South Africa,0.753894081
363,Malaysia,Malaysia,0
364,Malaysia,Singapore,0.406374502
365,Malaysia,Hong Kong,0.634812287
366,Malaysia,Taiwan,0.692810458
367,Malaysia,India,0.761609907
368,Malaysia,Israel,0.791540785
369,Malaysia,France,0.933333333
370,Malaysia,Italy,0.927613941
371,Malaysia,Sweden,0.870056497
372,Malaysia,Finland,0.863636364
373,Malaysia,Poland,0.853868195
374,Malaysia,Denmark,0.837209302
375,Malaysia,Netherlands,0.837209302
376,Malaysia,Iceland,0.837209302
377,Malaysia,Norway,0.80239521
378,Malaysia,Portugal,0.791540785
379,Malaysia,Greece,0.805970149
380,Malaysia,Czech Republic,0.757763975
381,Malaysia,Slovakia,0.746081505
382,Malaysia,Hungary,0.742138365
383,Malaysia,Bulgaria,0.783536585
384,Malaysia,Cyprus,0.75
385,Malaysia,Romania,0.709677419
386,Malaysia,Estonia,0.769230769
387,Malaysia,Lithuania,0.753894081
388,Malaysia,Malta,0.701298701
389,Malaysia,Ireland,0.784194529
390,Malaysia,United Kingdom,0.80952381
391,Malaysia,Latvia,0.795180723
392,Malaysia,Belgium,0.80239521
393,Malaysia,Luxembourg,0.784194529
394,Malaysia,Switzerland,0.830409357
395,Malaysia,Austria,0.833819242
396,Malaysia,Germany,0.86039886
397,Malaysia,Spain,0.944591029
398,Malaysia,Brazil,0.938992042
399,Malaysia,Guatamala,0.947368421
400,Malaysia,Peru,0.96373057
401,Malaysia,Ecuador,0.955613577
402,Malaysia,Bolivia,0.938992042
403,Malaysia,Colombia,0.952879581
404,Malaysia,Paraguay,0.961038961
405,Malaysia,Chile,0.969072165
406,Malaysia,Uruguay,0.952879581
407,Malaysia,Argentina,0.933333333
408,Malaysia,Dominican Republic,0.944591029
409,Malaysia,Costa Rica,0.913043478
410,Malaysia,Nicaragua,0.910081744
411,Malaysia,Honduras,0.918918919
412,Malaysia,El Savador,0.91598916
413,Malaysia,Panama,0.921832884
414,Malaysia,Mexico,0.944591029
415,Malaysia,United States,0.791540785
416,Malaysia,Canada,0.746081505
417,Malaysia,Australia,0.713826367
418,Malaysia,New Zealand,0.72611465
419,Malaysia,South Africa,0.679867987
420,Singapore,Singapore,0
421,Singapore,Hong Kong,0.507462687
422,Singapore,Taiwan,0.566308244
423,Singapore,India,0.757763975
424,Singapore,Israel,0.77675841
425,Singapore,France,0.927613941
426,Singapore,Italy,0.924731183
427,Singapore,Sweden,0.86039886
428,Singapore,Finland,0.857142857
429,Singapore,Poland,0.847262248
430,Singapore,Denmark,0.833819242
431,Singapore,Netherlands,0.830409357
432,Singapore,Iceland,0.837209302
433,Singapore,Norway,0.80239521
434,Singapore,Portugal,0.784194529
435,Singapore,Greece,0.798798799
436,Singapore,Czech Republic,0.742138365
437,Singapore,Slovakia,0.72611465
438,Singapore,Hungary,0.717948718
439,Singapore,Bulgaria,0.77607362
440,Singapore,Cyprus,0.742138365
441,Singapore,Romania,0.692810458
442,Singapore,Estonia,0.761609907
443,Singapore,Lithuania,0.746081505
444,Singapore,Malta,0.679867987
445,Singapore,Ireland,0.773006135
446,Singapore,United Kingdom,0.80239521
447,Singapore,Latvia,0.791540785
448,Singapore,Belgium,0.791540785
449,Singapore,Luxembourg,0.773006135
450,Singapore,Switzerland,0.823529412
451,Singapore,Austria,0.833819242
452,Singapore,Germany,0.857142857
453,Singapore,Spain,0.938992042
454,Singapore,Brazil,0.938992042
455,Singapore,Guatamala,0.941798942
456,Singapore,Peru,0.958333333
457,Singapore,Ecuador,0.950131234
458,Singapore,Bolivia,0.930481283
459,Singapore,Colombia,0.944591029
460,Singapore,Paraguay,0.955613577
461,Singapore,Chile,0.96373057
462,Singapore,Uruguay,0.947368421
463,Singapore,Argentina,0.927613941
464,Singapore,Dominican Republic,0.938992042
465,Singapore,Costa Rica,0.901098901
466,Singapore,Nicaragua,0.895027624
467,Singapore,Honduras,0.910081744
468,Singapore,El Savador,0.907103825
469,Singapore,Panama,0.91598916
470,Singapore,Mexico,0.938992042
471,Singapore,United States,0.791540785
472,Singapore,Canada,0.738170347
473,Singapore,Australia,0.717948718
474,Singapore,New Zealand,0.742138365
475,Singapore,South Africa,0.679867987
476,Hong Kong,Hong Kong,0
477,Hong Kong,Taiwan,0.581560284
478,Hong Kong,India,0.780487805
479,Hong Kong,Israel,0.791540785
480,Hong Kong,France,0.924731183
481,Hong Kong,Italy,0.924731183
482,Hong Kong,Sweden,0.857142857
483,Hong Kong,Finland,0.853868195
484,Hong Kong,Poland,0.853868195
485,Hong Kong,Denmark,0.830409357
486,Hong Kong,Netherlands,0.833819242
487,Hong Kong,Iceland,0.837209302
488,Hong Kong,Norway,0.795180723
489,Hong Kong,Portugal,0.80239521
490,Hong Kong,Greece,0.795180723
491,Hong Kong,Czech Republic,0.746081505
492,Hong Kong,Slovakia,0.734177215
493,Hong Kong,Hungary,0.738170347
494,Hong Kong,Bulgaria,0.77607362
495,Hong Kong,Cyprus,0.75
496,Hong Kong,Romania,0.72611465
497,Hong Kong,Estonia,0.761609907
498,Hong Kong,Lithuania,0.75
499,Hong Kong,Malta,0.705501618
500,Hong Kong,Ireland,0.780487805
501,Hong Kong,United Kingdom,0.805970149
502,Hong Kong,Latvia,0.791540785
503,Hong Kong,Belgium,0.795180723
504,Hong Kong,Luxembourg,0.77675841
505,Hong Kong,Switzerland,0.823529412
506,Hong Kong,Austria,0.830409357
507,Hong Kong,Germany,0.853868195
508,Hong Kong,Spain,0.936170213
509,Hong Kong,Brazil,0.933333333
510,Hong Kong,Guatamala,0.941798942
511,Hong Kong,Peru,0.958333333
512,Hong Kong,Ecuador,0.950131234
513,Hong Kong,Bolivia,0.930481283
514,Hong Kong,Colombia,0.947368421
515,Hong Kong,Paraguay,0.955613577
516,Hong Kong,Chile,0.96373057
517,Hong Kong,Uruguay,0.947368421
518,Hong Kong,Argentina,0.927613941
519,Hong Kong,Dominican Republic,0.938992042
520,Hong Kong,Costa Rica,0.907103825
521,Hong Kong,Nicaragua,0.907103825
522,Hong Kong,Honduras,0.913043478
523,Hong Kong,El Savador,0.910081744
524,Hong Kong,Panama,0.91598916
525,Hong Kong,Mexico,0.938992042
526,Hong Kong,United States,0.80239521
527,Hong Kong,Canada,0.75
528,Hong Kong,Australia,0.742138365
529,Hong Kong,New Zealand,0.757763975
530,Hong Kong,South Africa,0.701298701
531,Taiwan,Taiwan,0
532,Taiwan,India,0.816568047
533,Taiwan,Israel,0.823529412
534,Taiwan,France,0.927613941
535,Taiwan,Italy,0.936170213
536,Taiwan,Sweden,0.866855524
537,Taiwan,Finland,0.870056497
538,Taiwan,Poland,0.873239437
539,Taiwan,Denmark,0.850574713
540,Taiwan,Netherlands,0.850574713
541,Taiwan,Iceland,0.853868195
542,Taiwan,Norway,0.820058997
543,Taiwan,Portugal,0.826979472
544,Taiwan,Greece,0.826979472
545,Taiwan,Czech Republic,0.780487805
546,Taiwan,Slovakia,0.761609907
547,Taiwan,Hungary,0.769230769
548,Taiwan,Bulgaria,0.801801802
549,Taiwan,Cyprus,0.77675841
550,Taiwan,Romania,0.753894081
551,Taiwan,Estonia,0.791540785
552,Taiwan,Lithuania,0.77675841
553,Taiwan,Malta,0.738170347
554,Taiwan,Ireland,0.80239521
555,Taiwan,United Kingdom,0.826979472
556,Taiwan,Latvia,0.81305638
557,Taiwan,Belgium,0.820058997
558,Taiwan,Luxembourg,0.80239521
559,Taiwan,Switzerland,0.843930636
560,Taiwan,Austria,0.850574713
561,Taiwan,Germany,0.870056497
562,Taiwan,Spain,0.944591029
563,Taiwan,Brazil,0.941798942
564,Taiwan,Guatamala,0.950131234
565,Taiwan,Peru,0.96373057
566,Taiwan,Ecuador,0.955613577
567,Taiwan,Bolivia,0.947368421
568,Taiwan,Colombia,0.952879581
569,Taiwan,Paraguay,0.96373057
570,Taiwan,Chile,0.969072165
571,Taiwan,Uruguay,0.955613577
572,Taiwan,Argentina,0.944591029
573,Taiwan,Dominican Republic,0.944591029
574,Taiwan,Costa Rica,0.927613941
575,Taiwan,Nicaragua,0.924731183
576,Taiwan,Honduras,0.930481283
577,Taiwan,El Savador,0.924731183
578,Taiwan,Panama,0.927613941
579,Taiwan,Mexico,0.950131234
580,Taiwan,United States,0.830409357
581,Taiwan,Canada,0.780487805
582,Taiwan,Australia,0.77675841
583,Taiwan,New Zealand,0.795180723
584,Taiwan,South Africa,0.753894081
585,India,India,0
586,India,Israel,0.80952381
587,India,France,0.933333333
588,India,Italy,0.930481283
589,India,Sweden,0.901098901
590,India,Finland,0.882681564
591,India,Poland,0.879551821
592,India,Denmark,0.866855524
593,India,Netherlands,0.866855524
594,India,Iceland,0.876404494
595,India,Norway,0.843930636
596,India,Portugal,0.823529412
597,India,Greece,0.833819242
598,India,Czech Republic,0.80952381
599,India,Slovakia,0.795180723
600,India,Hungary,0.791540785
601,India,Bulgaria,0.8125
602,India,Cyprus,0.795180723
603,India,Romania,0.773006135
604,India,Estonia,0.820058997
605,India,Lithuania,0.80952381
606,India,Malta,0.769230769
607,India,Ireland,0.833819242
608,India,United Kingdom,0.84057971
609,India,Latvia,0.843930636
610,India,Belgium,0.820058997
611,India,Luxembourg,0.816568047
612,India,Switzerland,0.850574713
613,India,Austria,0.870056497
614,India,Germany,0.882681564
615,India,Spain,0.936170213
616,India,Brazil,0.936170213
617,India,Guatamala,0.936170213
618,India,Peru,0.955613577
619,India,Ecuador,0.947368421
620,India,Bolivia,0.930481283
621,India,Colombia,0.941798942
622,India,Paraguay,0.947368421
623,India,Chile,0.96373057
624,India,Uruguay,0.947368421
625,India,Argentina,0.933333333
626,India,Dominican Republic,0.938992042
627,India,Costa Rica,0.907103825
628,India,Nicaragua,0.895027624
629,India,Honduras,0.910081744
630,India,El Savador,0.901098901
631,India,Panama,0.913043478
632,India,Mexico,0.933333333
633,India,United States,0.81305638
634,India,Canada,0.784194529
635,India,Australia,0.795180723
636,India,New Zealand,0.80952381
637,India,South Africa,0.773006135
638,Israel,Israel,0
639,Israel,France,0.921832884
640,Israel,Italy,0.913043478
641,Israel,Sweden,0.866855524
642,Israel,Finland,0.843930636
643,Israel,Poland,0.816568047
644,Israel,Denmark,0.830409357
645,Israel,Netherlands,0.80952381
646,Israel,Iceland,0.795180723
647,Israel,Norway,0.780487805
648,Israel,Portugal,0.738170347
649,Israel,Greece,0.753894081
650,Israel,Czech Republic,0.72611465
651,Israel,Slovakia,0.684210526
652,Israel,Hungary,0.675496689
653,Israel,Bulgaria,0.721153846
654,Israel,Cyprus,0.679867987
655,Israel,Romania,0.671096346
656,Israel,Estonia,0.73015873
657,Israel,Lithuania,0.705501618
658,Israel,Malta,0.675496689
659,Israel,Ireland,0.738170347
660,Israel,United Kingdom,0.757763975
661,Israel,Latvia,0.761609907
662,Israel,Belgium,0.734177215
663,Israel,Luxembourg,0.713826367
664,Israel,Switzerland,0.787878788
665,Israel,Austria,0.805970149
666,Israel,Germany,0.847262248
667,Israel,Spain,0.91598916
668,Israel,Brazil,0.927613941
669,Israel,Guatamala,0.918918919
670,Israel,Peru,0.947368421
671,Israel,Ecuador,0.936170213
672,Israel,Bolivia,0.91598916
673,Israel,Colombia,0.930481283
674,Israel,Paraguay,0.944591029
675,Israel,Chile,0.952879581
676,Israel,Uruguay,0.941798942
677,Israel,Argentina,0.921832884
678,Israel,Dominican Republic,0.930481283
679,Israel,Costa Rica,0.885793872
680,Israel,Nicaragua,0.901098901
681,Israel,Honduras,0.888888889
682,Israel,El Savador,0.891966759
683,Israel,Panama,0.910081744
684,Israel,Mexico,0.907103825
685,Israel,United States,0.761609907
686,Israel,Canada,0.709677419
687,Israel,Australia,0.717948718
688,Israel,New Zealand,0.72611465
689,Israel,South Africa,0.705501618
690,France,France,0
691,France,Italy,0.927613941
692,France,Sweden,0.924731183
693,France,Finland,0.918918919
694,France,Poland,0.921832884
695,France,Denmark,0.913043478
696,France,Netherlands,0.895027624
697,France,Iceland,0.921832884
698,France,Norway,0.913043478
699,France,Portugal,0.901098901
700,France,Greece,0.91598916
701,France,Czech Republic,0.910081744
702,France,Slovakia,0.901098901
703,France,Hungary,0.901098901
704,France,Bulgaria,0.906849315
705,France,Cyprus,0.898071625
706,France,Romania,0.901098901
707,France,Estonia,0.907103825
708,France,Lithuania,0.910081744
709,France,Malta,0.901098901
710,France,Ireland,0.904109589
711,France,United Kingdom,0.91598916
712,France,Latvia,0.913043478
713,France,Belgium,0.713826367
714,France,Luxembourg,0.816568047
715,France,Switzerland,0.816568047
716,France,Austria,0.907103825
717,France,Germany,0.904109589
718,France,Spain,0.944591029
719,France,Brazil,0.96373057
720,France,Guatamala,0.955613577
721,France,Peru,0.969072165
722,France,Ecuador,0.958333333
723,France,Bolivia,0.955613577
724,France,Colombia,0.961038961
725,France,Paraguay,0.958333333
726,France,Chile,0.969072165
727,France,Uruguay,0.961038961
728,France,Argentina,0.958333333
729,France,Dominican Republic,0.955613577
730,France,Costa Rica,0.947368421
731,France,Nicaragua,0.958333333
732,France,Honduras,0.950131234
733,France,El Savador,0.955613577
734,France,Panama,0.947368421
735,France,Mexico,0.955613577
736,France,United States,0.930481283
737,France,Canada,0.91598916
738,France,Australia,0.91598916
739,France,New Zealand,0.924731183
740,France,South Africa,0.910081744
741,Italy,Italy,0
742,Italy,Sweden,0.918918919
743,Italy,Finland,0.921832884
744,Italy,Poland,0.904109589
745,Italy,Denmark,0.913043478
746,Italy,Netherlands,0.901098901
747,Italy,Iceland,0.918918919
748,Italy,Norway,0.907103825
749,Italy,Portugal,0.873239437
750,Italy,Greece,0.91598916
751,Italy,Czech Republic,0.904109589
752,Italy,Slovakia,0.891966759
753,Italy,Hungary,0.895027624
754,Italy,Bulgaria,0.906849315
755,Italy,Cyprus,0.888888889
756,Italy,Romania,0.898071625
757,Italy,Estonia,0.895027624
758,Italy,Lithuania,0.895027624
759,Italy,Malta,0.885793872
760,Italy,Ireland,0.907103825
761,Italy,United Kingdom,0.913043478
762,Italy,Latvia,0.907103825
763,Italy,Belgium,0.891966759
764,Italy,Luxembourg,0.86039886
765,Italy,Switzerland,0.853868195
766,Italy,Austria,0.901098901
767,Italy,Germany,0.891966759
768,Italy,Spain,0.891966759
769,Italy,Brazil,0.961038961
770,Italy,Guatamala,0.913043478
771,Italy,Peru,0.927613941
772,Italy,Ecuador,0.91598916
773,Italy,Bolivia,0.910081744
774,Italy,Colombia,0.918918919
775,Italy,Paraguay,0.918918919
776,Italy,Chile,0.933333333
777,Italy,Uruguay,0.921832884
778,Italy,Argentina,0.91598916
779,Italy,Dominican Republic,0.91598916
780,Italy,Costa Rica,0.907103825
781,Italy,Nicaragua,0.910081744
782,Italy,Honduras,0.904109589
783,Italy,El Savador,0.910081744
784,Italy,Panama,0.901098901
785,Italy,Mexico,0.913043478
786,Italy,United States,0.91598916
787,Italy,Canada,0.913043478
788,Italy,Australia,0.91598916
789,Italy,New Zealand,0.921832884
790,Italy,South Africa,0.907103825
791,Sweden,Sweden,0
792,Sweden,Finland,0.833819242
793,Sweden,Poland,0.879551821
794,Sweden,Denmark,0.850574713
795,Sweden,Netherlands,0.847262248
796,Sweden,Iceland,0.84057971
797,Sweden,Norway,0.787878788
798,Sweden,Portugal,0.857142857
799,Sweden,Greece,0.863636364
800,Sweden,Czech Republic,0.833819242
801,Sweden,Slovakia,0.830409357
802,Sweden,Hungary,0.833819242
803,Sweden,Bulgaria,0.853448276
804,Sweden,Cyprus,0.833819242
805,Sweden,Romania,0.837209302
806,Sweden,Estonia,0.823529412
807,Sweden,Lithuania,0.820058997
808,Sweden,Malta,0.80952381
809,Sweden,Ireland,0.830409357
810,Sweden,United Kingdom,0.850574713
811,Sweden,Latvia,0.847262248
812,Sweden,Belgium,0.833819242
813,Sweden,Luxembourg,0.830409357
814,Sweden,Switzerland,0.830409357
815,Sweden,Austria,0.847262248
816,Sweden,Germany,0.86039886
817,Sweden,Spain,0.938992042
818,Sweden,Brazil,0.950131234
819,Sweden,Guatamala,0.952879581
820,Sweden,Peru,0.971722365
821,Sweden,Ecuador,0.958333333
822,Sweden,Bolivia,0.947368421
823,Sweden,Colombia,0.961038961
824,Sweden,Paraguay,0.958333333
825,Sweden,Chile,0.971722365
826,Sweden,Uruguay,0.958333333
827,Sweden,Argentina,0.950131234
828,Sweden,Dominican Republic,0.952879581
829,Sweden,Costa Rica,0.936170213
830,Sweden,Nicaragua,0.955613577
831,Sweden,Honduras,0.938992042
832,Sweden,El Savador,0.941798942
833,Sweden,Panama,0.936170213
834,Sweden,Mexico,0.950131234
835,Sweden,United States,0.870056497
836,Sweden,Canada,0.847262248
837,Sweden,Australia,0.837209302
838,Sweden,New Zealand,0.86039886
839,Sweden,South Africa,0.833819242
840,Finland,Finland,0
841,Finland,Poland,0.86039886
842,Finland,Denmark,0.84057971
843,Finland,Netherlands,0.837209302
844,Finland,Iceland,0.837209302
845,Finland,Norway,0.787878788
846,Finland,Portugal,0.837209302
847,Finland,Greece,0.850574713
848,Finland,Czech Republic,0.820058997
849,Finland,Slovakia,0.81305638
850,Finland,Hungary,0.80952381
851,Finland,Bulgaria,0.816023739
852,Finland,Cyprus,0.816568047
853,Finland,Romania,0.81305638
854,Finland,Estonia,0.80239521
855,Finland,Lithuania,0.798798799
856,Finland,Malta,0.80952381
857,Finland,Ireland,0.816568047
858,Finland,United Kingdom,0.823529412
859,Finland,Latvia,0.823529412
860,Finland,Belgium,0.820058997
861,Finland,Luxembourg,0.816568047
862,Finland,Switzerland,0.816568047
863,Finland,Austria,0.820058997
864,Finland,Germany,0.833819242
865,Finland,Spain,0.936170213
866,Finland,Brazil,0.944591029
867,Finland,Guatamala,0.947368421
868,Finland,Peru,0.969072165
869,Finland,Ecuador,0.955613577
870,Finland,Bolivia,0.944591029
871,Finland,Colombia,0.958333333
872,Finland,Paraguay,0.955613577
873,Finland,Chile,0.969072165
874,Finland,Uruguay,0.955613577
875,Finland,Argentina,0.947368421
876,Finland,Dominican Republic,0.950131234
877,Finland,Costa Rica,0.930481283
878,Finland,Nicaragua,0.950131234
879,Finland,Honduras,0.933333333
880,Finland,El Savador,0.936170213
881,Finland,Panama,0.933333333
882,Finland,Mexico,0.944591029
883,Finland,United States,0.850574713
884,Finland,Canada,0.830409357
885,Finland,Australia,0.823529412
886,Finland,New Zealand,0.843930636
887,Finland,South Africa,0.820058997
888,Poland,Poland,0
889,Poland,Denmark,0.833819242
890,Poland,Netherlands,0.823529412
891,Poland,Iceland,0.84057971
892,Poland,Norway,0.81305638
893,Poland,Portugal,0.816568047
894,Poland,Greece,0.823529412
895,Poland,Czech Republic,0.77675841
896,Poland,Slovakia,0.757763975
897,Poland,Hungary,0.765432099
898,Poland,Bulgaria,0.808955224
899,Poland,Cyprus,0.784194529
900,Poland,Romania,0.780487805
901,Poland,Estonia,0.773006135
902,Poland,Lithuania,0.761609907
903,Poland,Malta,0.773006135
904,Poland,Ireland,0.784194529
905,Poland,United Kingdom,0.80952381
906,Poland,Latvia,0.805970149
907,Poland,Belgium,0.780487805
908,Poland,Luxembourg,0.773006135
909,Poland,Switzerland,0.81305638
910,Poland,Austria,0.826979472
911,Poland,Germany,0.84057971
912,Poland,Spain,0.921832884
913,Poland,Brazil,0.941798942
914,Poland,Guatamala,0.944591029
915,Poland,Peru,0.966408269
916,Poland,Ecuador,0.950131234
917,Poland,Bolivia,0.941798942
918,Poland,Colombia,0.952879581
919,Poland,Paraguay,0.955613577
920,Poland,Chile,0.969072165
921,Poland,Uruguay,0.952879581
922,Poland,Argentina,0.941798942
923,Poland,Dominican Republic,0.950131234
924,Poland,Costa Rica,0.927613941
925,Poland,Nicaragua,0.938992042
926,Poland,Honduras,0.927613941
927,Poland,El Savador,0.930481283
928,Poland,Panama,0.933333333
929,Poland,Mexico,0.938992042
930,Poland,United States,0.850574713
931,Poland,Canada,0.826979472
932,Poland,Australia,0.80239521
933,Poland,New Zealand,0.816568047
934,Poland,South Africa,0.795180723
935,Denmark,Denmark,0
936,Denmark,Netherlands,0.816568047
937,Denmark,Iceland,0.820058997
938,Denmark,Norway,0.769230769
939,Denmark,Portugal,0.80239521
940,Denmark,Greece,0.816568047
941,Denmark,Czech Republic,0.787878788
942,Denmark,Slovakia,0.780487805
943,Denmark,Hungary,0.784194529
944,Denmark,Bulgaria,0.801801802
945,Denmark,Cyprus,0.77675841
946,Denmark,Romania,0.787878788
947,Denmark,Estonia,0.787878788
948,Denmark,Lithuania,0.769230769
949,Denmark,Malta,0.761609907
950,Denmark,Ireland,0.761609907
951,Denmark,United Kingdom,0.77675841
952,Denmark,Latvia,0.784194529
953,Denmark,Belgium,0.77675841
954,Denmark,Luxembourg,0.780487805
955,Denmark,Switzerland,0.798798799
956,Denmark,Austria,0.805970149
957,Denmark,Germany,0.823529412
958,Denmark,Spain,0.938992042
959,Denmark,Brazil,0.947368421
960,Denmark,Guatamala,0.952879581
961,Denmark,Peru,0.974358974
962,Denmark,Ecuador,0.961038961
963,Denmark,Bolivia,0.950131234
964,Denmark,Colombia,0.961038961
965,Denmark,Paraguay,0.961038961
966,Denmark,Chile,0.971722365
967,Denmark,Uruguay,0.961038961
968,Denmark,Argentina,0.950131234
969,Denmark,Dominican Republic,0.947368421
970,Denmark,Costa Rica,0.930481283
971,Denmark,Nicaragua,0.950131234
972,Denmark,Honduras,0.936170213
973,Denmark,El Savador,0.938992042
974,Denmark,Panama,0.936170213
975,Denmark,Mexico,0.950131234
976,Denmark,United States,0.826979472
977,Denmark,Canada,0.80239521
978,Denmark,Australia,0.787878788
979,Denmark,New Zealand,0.798798799
980,Denmark,South Africa,0.780487805
981,Netherlands,Netherlands,0
982,Netherlands,Iceland,0.816568047
983,Netherlands,Norway,0.77675841
984,Netherlands,Portugal,0.795180723
985,Netherlands,Greece,0.823529412
986,Netherlands,Czech Republic,0.769230769
987,Netherlands,Slovakia,0.757763975
988,Netherlands,Hungary,0.761609907
989,Netherlands,Bulgaria,0.808955224
990,Netherlands,Cyprus,0.765432099
991,Netherlands,Romania,0.787878788
992,Netherlands,Estonia,0.761609907
993,Netherlands,Lithuania,0.765432099
994,Netherlands,Malta,0.73015873
995,Netherlands,Ireland,0.761609907
996,Netherlands,United Kingdom,0.784194529
997,Netherlands,Latvia,0.805970149
998,Netherlands,Belgium,0.666666667
999,Netherlands,Luxembourg,0.734177215
1000,Netherlands,Switzerland,0.753894081
1001,Netherlands,Austria,0.795180723
1002,Netherlands,Germany,0.820058997
1003,Netherlands,Spain,0.91598916
1004,Netherlands,Brazil,0.947368421
1005,Netherlands,Guatamala,0.938992042
1006,Netherlands,Peru,0.96373057
1007,Netherlands,Ecuador,0.947368421
1008,Netherlands,Bolivia,0.938992042
1009,Netherlands,Colombia,0.947368421
1010,Netherlands,Paraguay,0.950131234
1011,Netherlands,Chile,0.961038961
1012,Netherlands,Uruguay,0.950131234
1013,Netherlands,Argentina,0.941798942
1014,Netherlands,Dominican Republic,0.938992042
1015,Netherlands,Costa Rica,0.921832884
1016,Netherlands,Nicaragua,0.936170213
1017,Netherlands,Honduras,0.921832884
1018,Netherlands,El Savador,0.924731183
1019,Netherlands,Panama,0.924731183
1020,Netherlands,Mexico,0.930481283
1021,Netherlands,United States,0.833819242
1022,Netherlands,Canada,0.798798799
1023,Netherlands,Australia,0.787878788
1024,Netherlands,New Zealand,0.80239521
1025,Netherlands,South Africa,0.773006135
1026,Iceland,Iceland,0
1027,Iceland,Norway,0.753894081
1028,Iceland,Portugal,0.77675841
1029,Iceland,Greece,0.80952381
1030,Iceland,Czech Republic,0.780487805
1031,Iceland,Slovakia,0.761609907
1032,Iceland,Hungary,0.773006135
1033,Iceland,Bulgaria,0.760869565
1034,Iceland,Cyprus,0.742138365
1035,Iceland,Romania,0.761609907
1036,Iceland,Estonia,0.73015873
1037,Iceland,Lithuania,0.709677419
1038,Iceland,Malta,0.713826367
1039,Iceland,Ireland,0.738170347
1040,Iceland,United Kingdom,0.75
1041,Iceland,Latvia,0.753894081
1042,Iceland,Belgium,0.757763975
1043,Iceland,Luxembourg,0.757763975
1044,Iceland,Switzerland,0.795180723
1045,Iceland,Austria,0.816568047
1046,Iceland,Germany,0.850574713
1047,Iceland,Spain,0.933333333
1048,Iceland,Brazil,0.936170213
1049,Iceland,Guatamala,0.941798942
1050,Iceland,Peru,0.966408269
1051,Iceland,Ecuador,0.952879581
1052,Iceland,Bolivia,0.938992042
1053,Iceland,Colombia,0.950131234
1054,Iceland,Paraguay,0.958333333
1055,Iceland,Chile,0.96373057
1056,Iceland,Uruguay,0.955613577
1057,Iceland,Argentina,0.938992042
1058,Iceland,Dominican Republic,0.944591029
1059,Iceland,Costa Rica,0.913043478
1060,Iceland,Nicaragua,0.933333333
1061,Iceland,Honduras,0.918918919
1062,Iceland,El Savador,0.921832884
1063,Iceland,Panama,0.930481283
1064,Iceland,Mexico,0.930481283
1065,Iceland,United States,0.769230769
1066,Iceland,Canada,0.742138365
1067,Iceland,Australia,0.72611465
1068,Iceland,New Zealand,0.73015873
1069,Iceland,South Africa,0.738170347
1070,Norway,Norway,0
1071,Norway,Portugal,0.769230769
1072,Norway,Greece,0.791540785
1073,Norway,Czech Republic,0.717948718
1074,Norway,Slovakia,0.713826367
1075,Norway,Hungary,0.713826367
1076,Norway,Bulgaria,0.757009346
1077,Norway,Cyprus,0.709677419
1078,Norway,Romania,0.72611465
1079,Norway,Estonia,0.697068404
1080,Norway,Lithuania,0.684210526
1081,Norway,Malta,0.666666667
1082,Norway,Ireland,0.697068404
1083,Norway,United Kingdom,0.722044728
1084,Norway,Latvia,0.734177215
1085,Norway,Belgium,0.701298701
1086,Norway,Luxembourg,0.713826367
1087,Norway,Switzerland,0.753894081
1088,Norway,Austria,0.773006135
1089,Norway,Germany,0.816568047
1090,Norway,Spain,0.924731183
1091,Norway,Brazil,0.936170213
1092,Norway,Guatamala,0.938992042
1093,Norway,Peru,0.96373057
1094,Norway,Ecuador,0.950131234
1095,Norway,Bolivia,0.938992042
1096,Norway,Colombia,0.950131234
1097,Norway,Paraguay,0.952879581
1098,Norway,Chile,0.961038961
1099,Norway,Uruguay,0.950131234
1100,Norway,Argentina,0.938992042
1101,Norway,Dominican Republic,0.941798942
1102,Norway,Costa Rica,0.918918919
1103,Norway,Nicaragua,0.933333333
1104,Norway,Honduras,0.921832884
1105,Norway,El Savador,0.918918919
1106,Norway,Panama,0.924731183
1107,Norway,Mexico,0.933333333
1108,Norway,United States,0.773006135
1109,Norway,Canada,0.73015873
1110,Norway,Australia,0.701298701
1111,Norway,New Zealand,0.722044728
1112,Norway,South Africa,0.68852459
1113,Portugal,Portugal,0
1114,Portugal,Greece,0.75
1115,Portugal,Czech Republic,0.753894081
1116,Portugal,Slovakia,0.713826367
1117,Portugal,Hungary,0.717948718
1118,Portugal,Bulgaria,0.717041801
1119,Portugal,Cyprus,0.684210526
1120,Portugal,Romania,0.662207358
1121,Portugal,Estonia,0.734177215
1122,Portugal,Lithuania,0.705501618
1123,Portugal,Malta,0.675496689
1124,Portugal,Ireland,0.72611465
1125,Portugal,United Kingdom,0.746081505
1126,Portugal,Latvia,0.746081505
1127,Portugal,Belgium,0.692810458
1128,Portugal,Luxembourg,0.639455782
1129,Portugal,Switzerland,0.709677419
1130,Portugal,Austria,0.80239521
1131,Portugal,Germany,0.837209302
1132,Portugal,Spain,0.863636364
1133,Portugal,Brazil,0.885793872
1134,Portugal,Guatamala,0.882681564
1135,Portugal,Peru,0.907103825
1136,Portugal,Ecuador,0.891966759
1137,Portugal,Bolivia,0.873239437
1138,Portugal,Colombia,0.891966759
1139,Portugal,Paraguay,0.895027624
1140,Portugal,Chile,0.913043478
1141,Portugal,Uruguay,0.891966759
1142,Portugal,Argentina,0.876404494
1143,Portugal,Dominican Republic,0.888888889
1144,Portugal,Costa Rica,0.847262248
1145,Portugal,Nicaragua,0.866855524
1146,Portugal,Honduras,0.850574713
1147,Portugal,El Savador,0.853868195
1148,Portugal,Panama,0.866855524
1149,Portugal,Mexico,0.866855524
1150,Portugal,United States,0.738170347
1151,Portugal,Canada,0.72611465
1152,Portugal,Australia,0.701298701
1153,Portugal,New Zealand,0.713826367
1154,Portugal,South Africa,0.697068404
1155,Greece,Greece,0
1156,Greece,Czech Republic,0.780487805
1157,Greece,Slovakia,0.734177215
1158,Greece,Hungary,0.73015873
1159,Greece,Bulgaria,0.674418605
1160,Greece,Cyprus,0.46743295
1161,Greece,Romania,0.671096346
1162,Greece,Estonia,0.734177215
1163,Greece,Lithuania,0.713826367
1164,Greece,Malta,0.697068404
1165,Greece,Ireland,0.746081505
1166,Greece,United Kingdom,0.765432099
1167,Greece,Latvia,0.738170347
1168,Greece,Belgium,0.765432099
1169,Greece,Luxembourg,0.717948718
1170,Greece,Switzerland,0.798798799
1171,Greece,Austria,0.820058997
1172,Greece,Germany,0.847262248
1173,Greece,Spain,0.91598916
1174,Greece,Brazil,0.936170213
1175,Greece,Guatamala,0.930481283
1176,Greece,Peru,0.950131234
1177,Greece,Ecuador,0.944591029
1178,Greece,Bolivia,0.924731183
1179,Greece,Colombia,0.938992042
1180,Greece,Paraguay,0.947368421
1181,Greece,Chile,0.958333333
1182,Greece,Uruguay,0.944591029
1183,Greece,Argentina,0.927613941
1184,Greece,Dominican Republic,0.930481283
1185,Greece,Costa Rica,0.901098901
1186,Greece,Nicaragua,0.918918919
1187,Greece,Honduras,0.907103825
1188,Greece,El Savador,0.910081744
1189,Greece,Panama,0.910081744
1190,Greece,Mexico,0.924731183
1191,Greece,United States,0.722044728
1192,Greece,Canada,0.697068404
1193,Greece,Australia,0.713826367
1194,Greece,New Zealand,0.738170347
1195,Greece,South Africa,0.692810458
1196,Czech Republic,Czech Republic,0
1197,Czech Republic,Slovakia,0.513011152
1198,Czech Republic,Hungary,0.571428571
1199,Czech Republic,Bulgaria,0.733333333
1200,Czech Republic,Cyprus,0.666666667
1201,Czech Republic,Romania,0.662207358
1202,Czech Republic,Estonia,0.666666667
1203,Czech Republic,Lithuania,0.657718121
1204,Czech Republic,Malta,0.601398601
1205,Czech Republic,Ireland,0.68852459
1206,Czech Republic,United Kingdom,0.734177215
1207,Czech Republic,Latvia,0.722044728
1208,Czech Republic,Belgium,0.666666667
1209,Czech Republic,Luxembourg,0.666666667
1210,Czech Republic,Switzerland,0.742138365
1211,Czech Republic,Austria,0.765432099
1212,Czech Republic,Germany,0.816568047
1213,Czech Republic,Spain,0.918918919
1214,Czech Republic,Brazil,0.930481283
1215,Czech Republic,Guatamala,0.924731183
1216,Czech Republic,Peru,0.958333333
1217,Czech Republic,Ecuador,0.938992042
1218,Czech Republic,Bolivia,0.927613941
1219,Czech Republic,Colombia,0.938992042
1220,Czech Republic,Paraguay,0.947368421
1221,Czech Republic,Chile,0.955613577
1222,Czech Republic,Uruguay,0.944591029
1223,Czech Republic,Argentina,0.930481283
1224,Czech Republic,Dominican Republic,0.936170213
1225,Czech Republic,Costa Rica,0.891966759
1226,Czech Republic,Nicaragua,0.91598916
1227,Czech Republic,Honduras,0.901098901
1228,Czech Republic,El Savador,0.898071625
1229,Czech Republic,Panama,0.918918919
1230,Czech Republic,Mexico,0.913043478
1231,Czech Republic,United States,0.77675841
1232,Czech Republic,Canada,0.713826367
1233,Czech Republic,Australia,0.684210526
1234,Czech Republic,New Zealand,0.705501618
1235,Czech Republic,South Africa,0.653198653
1236,Slovakia,Slovakia,0
1237,Slovakia,Hungary,0.490566038
1238,Slovakia,Bulgaria,0.661073826
1239,Slovakia,Cyprus,0.586572438
1240,Slovakia,Romania,0.566308244
1241,Slovakia,Estonia,0.571428571
1242,Slovakia,Lithuania,0.555956679
1243,Slovakia,Malta,0.540145985
1244,Slovakia,Ireland,0.666666667
1245,Slovakia,United Kingdom,0.713826367
1246,Slovakia,Latvia,0.662207358
1247,Slovakia,Belgium,0.653198653
1248,Slovakia,Luxembourg,0.620689655
1249,Slovakia,Switzerland,0.717948718
1250,Slovakia,Austria,0.75
1251,Slovakia,Germany,0.798798799
1252,Slovakia,Spain,0.913043478
1253,Slovakia,Brazil,0.924731183
1254,Slovakia,Guatamala,0.918918919
1255,Slovakia,Peru,0.947368421
1256,Slovakia,Ecuador,0.936170213
1257,Slovakia,Bolivia,0.91598916
1258,Slovakia,Colombia,0.930481283
1259,Slovakia,Paraguay,0.941798942
1260,Slovakia,Chile,0.952879581
1261,Slovakia,Uruguay,0.944591029
1262,Slovakia,Argentina,0.924731183
1263,Slovakia,Dominican Republic,0.933333333
1264,Slovakia,Costa Rica,0.882681564
1265,Slovakia,Nicaragua,0.901098901
1266,Slovakia,Honduras,0.888888889
1267,Slovakia,El Savador,0.888888889
1268,Slovakia,Panama,0.907103825
1269,Slovakia,Mexico,0.904109589
1270,Slovakia,United States,0.722044728
1271,Slovakia,Canada,0.648648649
1272,Slovakia,Australia,0.639455782
1273,Slovakia,New Zealand,0.671096346
1274,Slovakia,South Africa,0.606271777
1275,Hungary,Hungary,0
1276,Hungary,Bulgaria,0.661073826
1277,Hungary,Cyprus,0.586572438
1278,Hungary,Romania,0.561151079
1279,Hungary,Estonia,0.601398601
1280,Hungary,Lithuania,0.581560284
1281,Hungary,Malta,0.540145985
1282,Hungary,Ireland,0.666666667
1283,Hungary,United Kingdom,0.709677419
1284,Hungary,Latvia,0.684210526
1285,Hungary,Belgium,0.653198653
1286,Hungary,Luxembourg,0.625429553
1287,Hungary,Switzerland,0.713826367
1288,Hungary,Austria,0.742138365
1289,Hungary,Germany,0.795180723
1290,Hungary,Spain,0.907103825
1291,Hungary,Brazil,0.927613941
1292,Hungary,Guatamala,0.918918919
1293,Hungary,Peru,0.950131234
1294,Hungary,Ecuador,0.936170213
1295,Hungary,Bolivia,0.918918919
1296,Hungary,Colombia,0.930481283
1297,Hungary,Paraguay,0.941798942
1298,Hungary,Chile,0.952879581
1299,Hungary,Uruguay,0.941798942
1300,Hungary,Argentina,0.924731183
1301,Hungary,Dominican Republic,0.930481283
1302,Hungary,Costa Rica,0.879551821
1303,Hungary,Nicaragua,0.898071625
1304,Hungary,Honduras,0.888888889
1305,Hungary,El Savador,0.888888889
1306,Hungary,Panama,0.910081744
1307,Hungary,Mexico,0.904109589
1308,Hungary,United States,0.734177215
1309,Hungary,Canada,0.657718121
1310,Hungary,Australia,0.662207358
1311,Hungary,New Zealand,0.68852459
1312,Hungary,South Africa,0.606271777
1313,Bulgaria,Bulgaria,0
1314,Bulgaria,Cyprus,0.580071174
1315,Bulgaria,Romania,0.516728625
1316,Bulgaria,Estonia,0.652027027
1317,Bulgaria,Lithuania,0.609756098
1318,Bulgaria,Malta,0.624137931
1319,Bulgaria,Ireland,0.6875
1320,Bulgaria,United Kingdom,0.708737864
1321,Bulgaria,Latvia,0.661073826
1322,Bulgaria,Belgium,0.717041801
1323,Bulgaria,Luxembourg,0.67
1324,Bulgaria,Switzerland,0.760869565
1325,Bulgaria,Austria,0.798192771
1326,Bulgaria,Germany,0.829912023
1327,Bulgaria,Spain,0.909836066
1328,Bulgaria,Brazil,0.924528302
1329,Bulgaria,Guatamala,0.918699187
1330,Bulgaria,Peru,0.944444444
1331,Bulgaria,Ecuador,0.93315508
1332,Bulgaria,Bolivia,0.909836066
1333,Bulgaria,Colombia,0.930294906
1334,Bulgaria,Paraguay,0.938829787
1335,Bulgaria,Chile,0.95
1336,Bulgaria,Uruguay,0.938829787
1337,Bulgaria,Argentina,0.918699187
1338,Bulgaria,Dominican Republic,0.927419355
1339,Bulgaria,Costa Rica,0.888579387
1340,Bulgaria,Nicaragua,0.900826446
1341,Bulgaria,Honduras,0.894736842
1342,Bulgaria,El Savador,0.897790055
1343,Bulgaria,Panama,0.906849315
1344,Bulgaria,Mexico,0.903846154
1345,Bulgaria,United States,0.642857143
1346,Bulgaria,Canada,0.6
1347,Bulgaria,Australia,0.633561644
1348,Bulgaria,New Zealand,0.67
1349,Bulgaria,South Africa,0.633561644
1350,Cyprus,Cyprus,0
1351,Cyprus,Romania,0.507462687
1352,Cyprus,Estonia,0.601398601
1353,Cyprus,Lithuania,0.545454545
1354,Cyprus,Malta,0.484848485
1355,Cyprus,Ireland,0.639455782
1356,Cyprus,United Kingdom,0.671096346
1357,Cyprus,Latvia,0.648648649
1358,Cyprus,Belgium,0.653198653
1359,Cyprus,Luxembourg,0.586572438
1360,Cyprus,Switzerland,0.717948718
1361,Cyprus,Austria,0.769230769
1362,Cyprus,Germany,0.805970149
1363,Cyprus,Spain,0.904109589
1364,Cyprus,Brazil,0.927613941
1365,Cyprus,Guatamala,0.910081744
1366,Cyprus,Peru,0.941798942
1367,Cyprus,Ecuador,0.927613941
1368,Cyprus,Bolivia,0.907103825
1369,Cyprus,Colombia,0.927613941
1370,Cyprus,Paraguay,0.936170213
1371,Cyprus,Chile,0.947368421
1372,Cyprus,Uruguay,0.936170213
1373,Cyprus,Argentina,0.91598916
1374,Cyprus,Dominican Republic,0.924731183
1375,Cyprus,Costa Rica,0.879551821
1376,Cyprus,Nicaragua,0.898071625
1377,Cyprus,Honduras,0.885793872
1378,Cyprus,El Savador,0.885793872
1379,Cyprus,Panama,0.901098901
1380,Cyprus,Mexico,0.898071625
1381,Cyprus,United States,0.644067797
1382,Cyprus,Canada,0.561151079
1383,Cyprus,Australia,0.586572438
1384,Cyprus,New Zealand,0.625429553
1385,Cyprus,South Africa,0.555956679
1386,Romania,Romania,0
1387,Romania,Estonia,0.596491228
1388,Romania,Lithuania,0.540145985
1389,Romania,Malta,0.534798535
1390,Romania,Ireland,0.662207358
1391,Romania,United Kingdom,0.701298701
1392,Romania,Latvia,0.644067797
1393,Romania,Belgium,0.679867987
1394,Romania,Luxembourg,0.596491228
1395,Romania,Switzerland,0.709677419
1396,Romania,Austria,0.773006135
1397,Romania,Germany,0.816568047
1398,Romania,Spain,0.891966759
1399,Romania,Brazil,0.924731183
1400,Romania,Guatamala,0.907103825
1401,Romania,Peru,0.933333333
1402,Romania,Ecuador,0.924731183
1403,Romania,Bolivia,0.901098901
1404,Romania,Colombia,0.918918919
1405,Romania,Paraguay,0.927613941
1406,Romania,Chile,0.938992042
1407,Romania,Uruguay,0.924731183
1408,Romania,Argentina,0.907103825
1409,Romania,Dominican Republic,0.91598916
1410,Romania,Costa Rica,0.873239437
1411,Romania,Nicaragua,0.882681564
1412,Romania,Honduras,0.879551821
1413,Romania,El Savador,0.879551821
1414,Romania,Panama,0.891966759
1415,Romania,Mexico,0.895027624
1416,Romania,United States,0.601398601
1417,Romania,Canada,0.540145985
1418,Romania,Australia,0.581560284
1419,Romania,New Zealand,0.634812287
1420,Romania,South Africa,0.534798535
1421,Estonia,Estonia,0
1422,Estonia,Lithuania,0.496240602
1423,Estonia,Malta,0.566308244
1424,Estonia,Ireland,0.648648649
1425,Estonia,United Kingdom,0.679867987
1426,Estonia,Latvia,0.611111111
1427,Estonia,Belgium,0.684210526
1428,Estonia,Luxembourg,0.644067797
1429,Estonia,Switzerland,0.709677419
1430,Estonia,Austria,0.746081505
1431,Estonia,Germany,0.795180723
1432,Estonia,Spain,0.918918919
1433,Estonia,Brazil,0.927613941
1434,Estonia,Guatamala,0.927613941
1435,Estonia,Peru,0.955613577
1436,Estonia,Ecuador,0.941798942
1437,Estonia,Bolivia,0.924731183
1438,Estonia,Colombia,0.938992042
1439,Estonia,Paraguay,0.944591029
1440,Estonia,Chile,0.955613577
1441,Estonia,Uruguay,0.950131234
1442,Estonia,Argentina,0.930481283
1443,Estonia,Dominican Republic,0.941798942
1444,Estonia,Costa Rica,0.898071625
1445,Estonia,Nicaragua,0.913043478
1446,Estonia,Honduras,0.901098901
1447,Estonia,El Savador,0.901098901
1448,Estonia,Panama,0.91598916
1449,Estonia,Mexico,0.91598916
1450,Estonia,United States,0.679867987
1451,Estonia,Canada,0.639455782
1452,Estonia,Australia,0.620689655
1453,Estonia,New Zealand,0.653198653
1454,Estonia,South Africa,0.611111111
1455,Lithuania,Lithuania,0
1456,Lithuania,Malta,0.484848485
1457,Lithuania,Ireland,0.611111111
1458,Lithuania,United Kingdom,0.644067797
1459,Lithuania,Latvia,0.571428571
1460,Lithuania,Belgium,0.666666667
1461,Lithuania,Luxembourg,0.615916955
1462,Lithuania,Switzerland,0.713826367
1463,Lithuania,Austria,0.753894081
1464,Lithuania,Germany,0.798798799
1465,Lithuania,Spain,0.91598916
1466,Lithuania,Brazil,0.924731183
1467,Lithuania,Guatamala,0.924731183
1468,Lithuania,Peru,0.952879581
1469,Lithuania,Ecuador,0.938992042
1470,Lithuania,Bolivia,0.921832884
1471,Lithuania,Colombia,0.936170213
1472,Lithuania,Paraguay,0.944591029
1473,Lithuania,Chile,0.955613577
1474,Lithuania,Uruguay,0.947368421
1475,Lithuania,Argentina,0.927613941
1476,Lithuania,Dominican Republic,0.938992042
1477,Lithuania,Costa Rica,0.891966759
1478,Lithuania,Nicaragua,0.907103825
1479,Lithuania,Honduras,0.898071625
1480,Lithuania,El Savador,0.898071625
1481,Lithuania,Panama,0.913043478
1482,Lithuania,Mexico,0.913043478
1483,Lithuania,United States,0.639455782
1484,Lithuania,Canada,0.601398601
1485,Lithuania,Australia,0.555956679
1486,Lithuania,New Zealand,0.596491228
1487,Lithuania,South Africa,0.576512456
1488,Malta,Malta,0
1489,Malta,Ireland,0.513011152
1490,Malta,United Kingdom,0.576512456
1491,Malta,Latvia,0.657718121
1492,Malta,Belgium,0.601398601
1493,Malta,Luxembourg,0.540145985
1494,Malta,Switzerland,0.679867987
1495,Malta,Austria,0.75
1496,Malta,Germany,0.795180723
1497,Malta,Spain,0.904109589
1498,Malta,Brazil,0.930481283
1499,Malta,Guatamala,0.907103825
1500,Malta,Peru,0.938992042
1501,Malta,Ecuador,0.924731183
1502,Malta,Bolivia,0.907103825
1503,Malta,Colombia,0.918918919
1504,Malta,Paraguay,0.938992042
1505,Malta,Chile,0.944591029
1506,Malta,Uruguay,0.933333333
1507,Malta,Argentina,0.913043478
1508,Malta,Dominican Republic,0.921832884
1509,Malta,Costa Rica,0.86039886
1510,Malta,Nicaragua,0.879551821
1511,Malta,Honduras,0.876404494
1512,Malta,El Savador,0.873239437
1513,Malta,Panama,0.898071625
1514,Malta,Mexico,0.895027624
1515,Malta,United States,0.657718121
1516,Malta,Canada,0.545454545
1517,Malta,Australia,0.501872659
1518,Malta,New Zealand,0.550724638
1519,Malta,South Africa,0.484848485
1520,Ireland,Ireland,0
1521,Ireland,United Kingdom,0.367346939
1522,Ireland,Latvia,0.684210526
1523,Ireland,Belgium,0.671096346
1524,Ireland,Luxembourg,0.630136986
1525,Ireland,Switzerland,0.73015873
1526,Ireland,Austria,0.769230769
1527,Ireland,Germany,0.823529412
1528,Ireland,Spain,0.927613941
1529,Ireland,Brazil,0.933333333
1530,Ireland,Guatamala,0.938992042
1531,Ireland,Peru,0.96373057
1532,Ireland,Ecuador,0.950131234
1533,Ireland,Bolivia,0.938992042
1534,Ireland,Colombia,0.950131234
1535,Ireland,Paraguay,0.955613577
1536,Ireland,Chile,0.966408269
1537,Ireland,Uruguay,0.952879581
1538,Ireland,Argentina,0.938992042
1539,Ireland,Dominican Republic,0.941798942
1540,Ireland,Costa Rica,0.910081744
1541,Ireland,Nicaragua,0.930481283
1542,Ireland,Honduras,0.91598916
1543,Ireland,El Savador,0.918918919
1544,Ireland,Panama,0.927613941
1545,Ireland,Mexico,0.927613941
1546,Ireland,United States,0.692810458
1547,Ireland,Canada,0.615916955
1548,Ireland,Australia,0.540145985
1549,Ireland,New Zealand,0.581560284
1550,Ireland,South Africa,0.601398601
1551,United Kingdom,United Kingdom,0
1552,United Kingdom,Latvia,0.722044728
1553,United Kingdom,Belgium,0.697068404
1554,United Kingdom,Luxembourg,0.675496689
1555,United Kingdom,Switzerland,0.757763975
1556,United Kingdom,Austria,0.787878788
1557,United Kingdom,Germany,0.833819242
1558,United Kingdom,Spain,0.930481283
1559,United Kingdom,Brazil,0.933333333
1560,United Kingdom,Guatamala,0.938992042
1561,United Kingdom,Peru,0.96373057
1562,United Kingdom,Ecuador,0.950131234
1563,United Kingdom,Bolivia,0.938992042
1564,United Kingdom,Colombia,0.947368421
1565,United Kingdom,Paraguay,0.955613577
1566,United Kingdom,Chile,0.96373057
1567,United Kingdom,Uruguay,0.952879581
1568,United Kingdom,Argentina,0.938992042
1569,United Kingdom,Dominican Republic,0.944591029
1570,United Kingdom,Costa Rica,0.904109589
1571,United Kingdom,Nicaragua,0.924731183
1572,United Kingdom,Honduras,0.913043478
1573,United Kingdom,El Savador,0.91598916
1574,United Kingdom,Panama,0.927613941
1575,United Kingdom,Mexico,0.927613941
1576,United Kingdom,United States,0.713826367
1577,United Kingdom,Canada,0.644067797
1578,United Kingdom,Australia,0.601398601
1579,United Kingdom,New Zealand,0.615916955
1580,United Kingdom,South Africa,0.634812287
1581,Latvia,Latvia,0
1582,Latvia,Belgium,0.73015873
1583,Latvia,Luxembourg,0.701298701
1584,Latvia,Switzerland,0.773006135
1585,Latvia,Austria,0.787878788
1586,Latvia,Germany,0.830409357
1587,Latvia,Spain,0.936170213
1588,Latvia,Brazil,0.936170213
1589,Latvia,Guatamala,0.941798942
1590,Latvia,Peru,0.96373057
1591,Latvia,Ecuador,0.952879581
1592,Latvia,Bolivia,0.936170213
1593,Latvia,Colombia,0.950131234
1594,Latvia,Paraguay,0.955613577
1595,Latvia,Chile,0.96373057
1596,Latvia,Uruguay,0.958333333
1597,Latvia,Argentina,0.938992042
1598,Latvia,Dominican Republic,0.947368421
1599,Latvia,Costa Rica,0.91598916
1600,Latvia,Nicaragua,0.933333333
1601,Latvia,Honduras,0.918918919
1602,Latvia,El Savador,0.921832884
1603,Latvia,Panama,0.927613941
1604,Latvia,Mexico,0.933333333
1605,Latvia,United States,0.68852459
1606,Latvia,Canada,0.653198653
1607,Latvia,Australia,0.644067797
1608,Latvia,New Zealand,0.666666667
1609,Latvia,South Africa,0.644067797
1610,Belgium,Belgium,0
1611,Belgium,Luxembourg,0.507462687
1612,Belgium,Switzerland,0.601398601
1613,Belgium,Austria,0.761609907
1614,Belgium,Germany,0.798798799
1615,Belgium,Spain,0.904109589
1616,Belgium,Brazil,0.930481283
1617,Belgium,Guatamala,0.918918919
1618,Belgium,Peru,0.947368421
1619,Belgium,Ecuador,0.930481283
1620,Belgium,Bolivia,0.918918919
1621,Belgium,Colombia,0.933333333
1622,Belgium,Paraguay,0.941798942
1623,Belgium,Chile,0.950131234
1624,Belgium,Uruguay,0.936170213
1625,Belgium,Argentina,0.921832884
1626,Belgium,Dominican Republic,0.927613941
1627,Belgium,Costa Rica,0.891966759
1628,Belgium,Nicaragua,0.910081744
1629,Belgium,Honduras,0.895027624
1630,Belgium,El Savador,0.898071625
1631,Belgium,Panama,0.910081744
1632,Belgium,Mexico,0.907103825
1633,Belgium,United States,0.761609907
1634,Belgium,Canada,0.709677419
1635,Belgium,Australia,0.675496689
1636,Belgium,New Zealand,0.701298701
1637,Belgium,South Africa,0.671096346
1638,Luxembourg,Luxembourg,0
1639,Luxembourg,Switzerland,0.393574297
1640,Luxembourg,Austria,0.625429553
1641,Luxembourg,Germany,0.679867987
1642,Luxembourg,Spain,0.866855524
1643,Luxembourg,Brazil,0.930481283
1644,Luxembourg,Guatamala,0.882681564
1645,Luxembourg,Peru,0.913043478
1646,Luxembourg,Ecuador,0.898071625
1647,Luxembourg,Bolivia,0.882681564
1648,Luxembourg,Colombia,0.898071625
1649,Luxembourg,Paraguay,0.910081744
1650,Luxembourg,Chile,0.918918919
1651,Luxembourg,Uruguay,0.904109589
1652,Luxembourg,Argentina,0.891966759
1653,Luxembourg,Dominican Republic,0.891966759
1654,Luxembourg,Costa Rica,0.847262248
1655,Luxembourg,Nicaragua,0.870056497
1656,Luxembourg,Honduras,0.857142857
1657,Luxembourg,El Savador,0.86039886
1658,Luxembourg,Panama,0.873239437
1659,Luxembourg,Mexico,0.873239437
1660,Luxembourg,United States,0.701298701
1661,Luxembourg,Canada,0.644067797
1662,Luxembourg,Australia,0.639455782
1663,Luxembourg,New Zealand,0.671096346
1664,Luxembourg,South Africa,0.625429553
1665,Switzerland,Switzerland,0
1666,Switzerland,Austria,0.479087452
1667,Switzerland,Germany,0.545454545
1668,Switzerland,Spain,0.863636364
1669,Switzerland,Brazil,0.941798942
1670,Switzerland,Guatamala,0.888888889
1671,Switzerland,Peru,0.91598916
1672,Switzerland,Ecuador,0.898071625
1673,Switzerland,Bolivia,0.885793872
1674,Switzerland,Colombia,0.901098901
1675,Switzerland,Paraguay,0.901098901
1676,Switzerland,Chile,0.91598916
1677,Switzerland,Uruguay,0.901098901
1678,Switzerland,Argentina,0.891966759
1679,Switzerland,Dominican Republic,0.891966759
1680,Switzerland,Costa Rica,0.863636364
1681,Switzerland,Nicaragua,0.879551821
1682,Switzerland,Honduras,0.866855524
1683,Switzerland,El Savador,0.866855524
1684,Switzerland,Panama,0.876404494
1685,Switzerland,Mexico,0.879551821
1686,Switzerland,United States,0.791540785
1687,Switzerland,Canada,0.765432099
1688,Switzerland,Australia,0.753894081
1689,Switzerland,New Zealand,0.773006135
1690,Switzerland,South Africa,0.742138365
1691,Austria,Austria,0
1692,Austria,Germany,0.319327731
1693,Austria,Spain,0.924731183
1694,Austria,Brazil,0.941798942
1695,Austria,Guatamala,0.947368421
1696,Austria,Peru,0.969072165
1697,Austria,Ecuador,0.955613577
1698,Austria,Bolivia,0.944591029
1699,Austria,Colombia,0.958333333
1700,Austria,Paraguay,0.955613577
1701,Austria,Chile,0.969072165
1702,Austria,Uruguay,0.955613577
1703,Austria,Argentina,0.944591029
1704,Austria,Dominican Republic,0.947368421
1705,Austria,Costa Rica,0.927613941
1706,Austria,Nicaragua,0.944591029
1707,Austria,Honduras,0.930481283
1708,Austria,El Savador,0.930481283
1709,Austria,Panama,0.933333333
1710,Austria,Mexico,0.941798942
1711,Austria,United States,0.830409357
1712,Austria,Canada,0.80239521
1713,Austria,Australia,0.791540785
1714,Austria,New Zealand,0.805970149
1715,Austria,South Africa,0.77675841
1716,Germany,Germany,0
1717,Germany,Spain,0.921832884
1718,Germany,Brazil,0.950131234
1719,Germany,Guatamala,0.947368421
1720,Germany,Peru,0.966408269
1721,Germany,Ecuador,0.952879581
1722,Germany,Bolivia,0.941798942
1723,Germany,Colombia,0.955613577
1724,Germany,Paraguay,0.952879581
1725,Germany,Chile,0.966408269
1726,Germany,Uruguay,0.952879581
1727,Germany,Argentina,0.944591029
1728,Germany,Dominican Republic,0.944591029
1729,Germany,Costa Rica,0.930481283
1730,Germany,Nicaragua,0.947368421
1731,Germany,Honduras,0.933333333
1732,Germany,El Savador,0.933333333
1733,Germany,Panama,0.927613941
1734,Germany,Mexico,0.944591029
1735,Germany,United States,0.866855524
1736,Germany,Canada,0.84057971
1737,Germany,Australia,0.837209302
1738,Germany,New Zealand,0.853868195
1739,Germany,South Africa,0.826979472
1740,Spain,Spain,0
1741,Spain,Brazil,0.952879581
1742,Spain,Guatamala,0.675496689
1743,Spain,Peru,0.697068404
1744,Spain,Ecuador,0.657718121
1745,Spain,Bolivia,0.675496689
1746,Spain,Colombia,0.675496689
1747,Spain,Paraguay,0.692810458
1748,Spain,Chile,0.68852459
1749,Spain,Uruguay,0.662207358
1750,Spain,Argentina,0.697068404
1751,Spain,Dominican Republic,0.675496689
1752,Spain,Costa Rica,0.68852459
1753,Spain,Nicaragua,0.692810458
1754,Spain,Honduras,0.684210526
1755,Spain,El Savador,0.675496689
1756,Spain,Panama,0.648648649
1757,Spain,Mexico,0.72611465
1758,Spain,United States,0.921832884
1759,Spain,Canada,0.918918919
1760,Spain,Australia,0.927613941
1761,Spain,New Zealand,0.930481283
1762,Spain,South Africa,0.927613941
1763,Brazil,Brazil,0
1764,Brazil,Guatamala,0.944591029
1765,Brazil,Peru,0.96373057
1766,Brazil,Ecuador,0.950131234
1767,Brazil,Bolivia,0.941798942
1768,Brazil,Colombia,0.952879581
1769,Brazil,Paraguay,0.941798942
1770,Brazil,Chile,0.969072165
1771,Brazil,Uruguay,0.958333333
1772,Brazil,Argentina,0.950131234
1773,Brazil,Dominican Republic,0.955613577
1774,Brazil,Costa Rica,0.930481283
1775,Brazil,Nicaragua,0.933333333
1776,Brazil,Honduras,0.933333333
1777,Brazil,El Savador,0.936170213
1778,Brazil,Panama,0.944591029
1779,Brazil,Mexico,0.938992042
1780,Brazil,United States,0.938992042
1781,Brazil,Canada,0.930481283
1782,Brazil,Australia,0.924731183
1783,Brazil,New Zealand,0.927613941
1784,Brazil,South Africa,0.924731183
1785,Guatamala,Guatamala,0
1786,Guatamala,Peru,0.37398374
1787,Guatamala,Ecuador,0.326359833
1788,Guatamala,Bolivia,0.326359833
1789,Guatamala,Colombia,0.4
1790,Guatamala,Paraguay,0.455598456
1791,Guatamala,Chile,0.490566038
1792,Guatamala,Uruguay,0.529411765
1793,Guatamala,Argentina,0.601398601
1794,Guatamala,Dominican Republic,0.550724638
1795,Guatamala,Costa Rica,0.37398374
1796,Guatamala,Nicaragua,0.353909465
1797,Guatamala,Honduras,0.268398268
1798,Guatamala,El Savador,0.245614035
1799,Guatamala,Panama,0.449612403
1800,Guatamala,Mexico,0.461538462
1801,Guatamala,United States,0.924731183
1802,Guatamala,Canada,0.918918919
1803,Guatamala,Australia,0.927613941
1804,Guatamala,New Zealand,0.933333333
1805,Guatamala,South Africa,0.930481283
1806,Peru,Peru,0
1807,Peru,Ecuador,0.275862069
1808,Peru,Bolivia,0.340248963
1809,Peru,Colombia,0.380566802
1810,Peru,Paraguay,0.501872659
1811,Peru,Chile,0.529411765
1812,Peru,Uruguay,0.52398524
1813,Peru,Argentina,0.596491228
1814,Peru,Dominican Republic,0.586572438
1815,Peru,Costa Rica,0.484848485
1816,Peru,Nicaragua,0.473282443
1817,Peru,Honduras,0.455598456
1818,Peru,El Savador,0.412698413
1819,Peru,Panama,0.496240602
1820,Peru,Mexico,0.591549296
1821,Peru,United States,0.944591029
1822,Peru,Canada,0.941798942
1823,Peru,Australia,0.958333333
1824,Peru,New Zealand,0.961038961
1825,Peru,South Africa,0.955613577
1826,Ecuador,Ecuador,0
1827,Ecuador,Bolivia,0.253275109
1828,Ecuador,Colombia,0.312236287
1829,Ecuador,Paraguay,0.484848485
1830,Ecuador,Chile,0.52398524
1831,Ecuador,Uruguay,0.496240602
1832,Ecuador,Argentina,0.576512456
1833,Ecuador,Dominican Republic,0.586572438
1834,Ecuador,Costa Rica,0.4375
1835,Ecuador,Nicaragua,0.42519685
1836,Ecuador,Honduras,0.406374502
1837,Ecuador,El Savador,0.367346939
1838,Ecuador,Panama,0.46743295
1839,Ecuador,Mexico,0.545454545
1840,Ecuador,United States,0.941798942
1841,Ecuador,Canada,0.938992042
1842,Ecuador,Australia,0.941798942
1843,Ecuador,New Zealand,0.947368421
1844,Ecuador,South Africa,0.944591029
1845,Bolivia,Bolivia,0
1846,Bolivia,Colombia,0.360655738
1847,Bolivia,Paraguay,0.461538462
1848,Bolivia,Chile,0.507462687
1849,Bolivia,Uruguay,0.473282443
1850,Bolivia,Argentina,0.534798535
1851,Bolivia,Dominican Republic,0.601398601
1852,Bolivia,Costa Rica,0.4
1853,Bolivia,Nicaragua,0.418972332
1854,Bolivia,Honduras,0.367346939
1855,Bolivia,El Savador,0.340248963
1856,Bolivia,Panama,0.484848485
1857,Bolivia,Mexico,0.513011152
1858,Bolivia,United States,0.918918919
1859,Bolivia,Canada,0.91598916
1860,Bolivia,Australia,0.921832884
1861,Bolivia,New Zealand,0.927613941
1862,Bolivia,South Africa,0.924731183
1863,Colombia,Colombia,0
1864,Colombia,Paraguay,0.507462687
1865,Colombia,Chile,0.545454545
1866,Colombia,Uruguay,0.550724638
1867,Colombia,Argentina,0.625429553
1868,Colombia,Dominican Republic,0.561151079
1869,Colombia,Costa Rica,0.46743295
1870,Colombia,Nicaragua,0.412698413
1871,Colombia,Honduras,0.4
1872,Colombia,El Savador,0.406374502
1873,Colombia,Panama,0.449612403
1874,Colombia,Mexico,0.566308244
1875,Colombia,United States,0.933333333
1876,Colombia,Canada,0.930481283
1877,Colombia,Australia,0.941798942
1878,Colombia,New Zealand,0.944591029
1879,Colombia,South Africa,0.941798942
1880,Paraguay,Paraguay,0
1881,Paraguay,Chile,0.449612403
1882,Paraguay,Uruguay,0.496240602
1883,Paraguay,Argentina,0.550724638
1884,Paraguay,Dominican Republic,0.555956679
1885,Paraguay,Costa Rica,0.484848485
1886,Paraguay,Nicaragua,0.534798535
1887,Paraguay,Honduras,0.484848485
1888,Paraguay,El Savador,0.496240602
1889,Paraguay,Panama,0.473282443
1890,Paraguay,Mexico,0.653198653
1891,Paraguay,United States,0.938992042
1892,Paraguay,Canada,0.944591029
1893,Paraguay,Australia,0.950131234
1894,Paraguay,New Zealand,0.955613577
1895,Paraguay,South Africa,0.947368421
1896,Chile,Chile,0
1897,Chile,Uruguay,0.529411765
1898,Chile,Argentina,0.615916955
1899,Chile,Dominican Republic,0.566308244
1900,Chile,Costa Rica,0.566308244
1901,Chile,Nicaragua,0.555956679
1902,Chile,Honduras,0.496240602
1903,Chile,El Savador,0.513011152
1904,Chile,Panama,0.501872659
1905,Chile,Mexico,0.662207358
1906,Chile,United States,0.950131234
1907,Chile,Canada,0.950131234
1908,Chile,Australia,0.961038961
1909,Chile,New Zealand,0.96373057
1910,Chile,South Africa,0.961038961
1911,Uruguay,Uruguay,0
1912,Uruguay,Argentina,0.387096774
1913,Uruguay,Dominican Republic,0.634812287
1914,Uruguay,Costa Rica,0.571428571
1915,Uruguay,Nicaragua,0.611111111
1916,Uruguay,Honduras,0.576512456
1917,Uruguay,El Savador,0.566308244
1918,Uruguay,Panama,0.550724638
1919,Uruguay,Mexico,0.666666667
1920,Uruguay,United States,0.938992042
1921,Uruguay,Canada,0.938992042
1922,Uruguay,Australia,0.947368421
1923,Uruguay,New Zealand,0.950131234
1924,Uruguay,South Africa,0.944591029
1925,Argentina,Argentina,0
1926,Argentina,Dominican Republic,0.692810458
1927,Argentina,Costa Rica,0.581560284
1928,Argentina,Nicaragua,0.620689655
1929,Argentina,Honduras,0.596491228
1930,Argentina,El Savador,0.596491228
1931,Argentina,Panama,0.625429553
1932,Argentina,Mexico,0.662207358
1933,Argentina,United States,0.921832884
1934,Argentina,Canada,0.918918919
1935,Argentina,Australia,0.924731183
1936,Argentina,New Zealand,0.927613941
1937,Argentina,South Africa,0.927613941
1938,Dominican Republic,Dominican Republic,0
1939,Dominican Republic,Costa Rica,0.566308244
1940,Dominican Republic,Nicaragua,0.586572438
1941,Dominican Republic,Honduras,0.513011152
1942,Dominican Republic,El Savador,0.566308244
1943,Dominican Republic,Panama,0.455598456
1944,Dominican Republic,Mexico,0.705501618
1945,Dominican Republic,United States,0.927613941
1946,Dominican Republic,Canada,0.927613941
1947,Dominican Republic,Australia,0.941798942
1948,Dominican Republic,New Zealand,0.944591029
1949,Dominican Republic,South Africa,0.938992042
1950,Costa Rica,Costa Rica,0
1951,Costa Rica,Nicaragua,0.4
1952,Costa Rica,Honduras,0.353909465
1953,Costa Rica,El Savador,0.347107438
1954,Costa Rica,Panama,0.490566038
1955,Costa Rica,Mexico,0.52398524
1956,Costa Rica,United States,0.895027624
1957,Costa Rica,Canada,0.888888889
1958,Costa Rica,Australia,0.882681564
1959,Costa Rica,New Zealand,0.888888889
1960,Costa Rica,South Africa,0.891966759
1961,Nicaragua,Nicaragua,0
1962,Nicaragua,Honduras,0.260869565
1963,Nicaragua,El Savador,0.275862069
1964,Nicaragua,Panama,0.496240602
1965,Nicaragua,Mexico,0.501872659
1966,Nicaragua,United States,0.910081744
1967,Nicaragua,Canada,0.904109589
1968,Nicaragua,Australia,0.904109589
1969,Nicaragua,New Zealand,0.907103825
1970,Nicaragua,South Africa,0.907103825
1971,Honduras,Honduras,0
1972,Honduras,El Savador,0.230088496
1973,Honduras,Panama,0.412698413
1974,Honduras,Mexico,0.46743295
1975,Honduras,United States,0.901098901
1976,Honduras,Canada,0.895027624
1977,Honduras,Australia,0.895027624
1978,Honduras,New Zealand,0.901098901
1979,Honduras,South Africa,0.898071625
1980,El Savador,El Savador,0
1981,El Savador,Panama,0.473282443
1982,El Savador,Mexico,0.473282443
1983,El Savador,United States,0.904109589
1984,El Savador,Canada,0.895027624
1985,El Savador,Australia,0.901098901
1986,El Savador,New Zealand,0.907103825
1987,El Savador,South Africa,0.898071625
1988,Panama,Panama,0
1989,Panama,Mexico,0.644067797
1990,Panama,United States,0.907103825
1991,Panama,Canada,0.907103825
1992,Panama,Australia,0.921832884
1993,Panama,New Zealand,0.924731183
1994,Panama,South Africa,0.91598916
1995,Mexico,Mexico,0
1996,Mexico,United States,0.91598916
1997,Mexico,Canada,0.910081744
1998,Mexico,Australia,0.918918919
1999,Mexico,New Zealand,0.924731183
2000,Mexico,South Africa,0.924731183
2001,United States,United States,0
2002,United States,Canada,0.360655738
2003,United States,Australia,0.581560284
2004,United States,New Zealand,0.581560284
2005,United States,South Africa,0.576512456
2006,Canada,Canada,0
2007,Canada,Australia,0.473282443
2008,Canada,New Zealand,0.513011152
2009,Canada,South Africa,0.473282443
2010,Australia,Australia,0
2011,Australia,New Zealand,0.380566802
2012,Australia,South Africa,0.46743295
2013,New Zealand,New Zealand,0
2014,New Zealand,South Africa,0.496240602
2015,South Africa,South Africa,0